<?xml version="1.0" encoding="UTF-8"?>
<beans xmlns="http://www.springframework.org/schema/beans"
	xmlns:xsi="http://www.w3.org/2001/XMLSchema-instance"
	xmlns:context="http://www.springframework.org/schema/context"
	xmlns:mybatis-spring="http://mybatis.org/schema/mybatis-spring"
	xsi:schemaLocation="http://mybatis.org/schema/mybatis-spring http://mybatis.org/schema/mybatis-spring-1.2.xsd
		http://www.springframework.org/schema/beans https://www.springframework.org/schema/beans/spring-beans.xsd
		http://www.springframework.org/schema/context http://www.springframework.org/schema/context/spring-context-4.3.xsd">
	
	<!-- 집에서 할때 변경하기 -->
	<!-- Root Context: defines shared resources visible to all other web components -->
	<context:property-placeholder location="classpath:prop/db.properties"/>

	<!-- hikari config -->
	<bean id="hikariConfig" class="com.zaxxer.hikari.HikariConfig">
		<property name="driverClassName" value="${jdbc.log4j.driver}" />
		<property name="jdbcUrl" value="${jdbc.log4j.url}"/>
		<property name="username" value="${jdbc.username}" />
		<property name="password" value="${jdbc.password}"/>
	</bean>
	<!-- hikari datasource -->
	<bean id="ds" class="com.zaxxer.hikari.HikariDataSource">
		<constructor-arg ref="hikariConfig"/>
	</bean>	
	
	<!-- MyBatis sqlsession  -->
	<bean class="org.mybatis.spring.SqlSessionFactoryBean">
		<property name="dataSource" ref="ds" />
	</bean>
	
	<!-- Mapper Class 생성 -->
	<mybatis-spring:scan base-package="com.bitc.project.dao"/>
	
</beans>